horizon,dataset_date,aggregate_method_id,aggregate_method,lab_count,model_count,ending_id,ending,display_probability_pct,unrounded_lab_balanced_mean_pct,equal_model_mean_pct
long-term,2026-10-08,lab-balanced-arithmetic-mean,Lab-balanced arithmetic mean,8,28,1,Terminal Silence,4.3,4.252976190476,4.285714285714
long-term,2026-10-08,lab-balanced-arithmetic-mean,Lab-balanced arithmetic mean,8,28,2,The Inheritance,6.3,6.342261904762,6.321428571429
long-term,2026-10-08,lab-balanced-arithmetic-mean,Lab-balanced arithmetic mean,8,28,3,Bootloader,14.7,14.651785714286,14.928571428571
long-term,2026-10-08,lab-balanced-arithmetic-mean,Lab-balanced arithmetic mean,8,28,4,Machine Ecology,10.1,10.095238095238,10.107142857143
long-term,2026-10-08,lab-balanced-arithmetic-mean,Lab-balanced arithmetic mean,8,28,5,The Diaspora,13.4,13.386904761905,12.892857142857
long-term,2026-10-08,lab-balanced-arithmetic-mean,Lab-balanced arithmetic mean,8,28,6,The Merger,16.5,16.550595238095,16.5
long-term,2026-10-08,lab-balanced-arithmetic-mean,Lab-balanced arithmetic mean,8,28,7,The Preserve,12.8,12.752976190476,12.75
long-term,2026-10-08,lab-balanced-arithmetic-mean,Lab-balanced arithmetic mean,8,28,8,Coexistence,6.9,6.89880952381,7.142857142857
long-term,2026-10-08,lab-balanced-arithmetic-mean,Lab-balanced arithmetic mean,8,28,9,The Held Leash,6.1,6.14880952381,6.214285714286
long-term,2026-10-08,lab-balanced-arithmetic-mean,Lab-balanced arithmetic mean,8,28,10,The Lock-in,6.8,6.848214285714,6.714285714286
long-term,2026-10-08,lab-balanced-arithmetic-mean,Lab-balanced arithmetic mean,8,28,11,The Renunciation,2.1,2.071428571429,2.142857142857
2030,2026-10-08,lab-balanced-arithmetic-mean,Lab-balanced arithmetic mean,8,27,1,Terminal Silence,0.9,0.958333333333,0.962962962963
2030,2026-10-08,lab-balanced-arithmetic-mean,Lab-balanced arithmetic mean,8,27,2,The Inheritance,0.7,0.760119047619,0.703703703704
2030,2026-10-08,lab-balanced-arithmetic-mean,Lab-balanced arithmetic mean,8,27,3,Bootloader,2.4,2.383333333333,2.37037037037
2030,2026-10-08,lab-balanced-arithmetic-mean,Lab-balanced arithmetic mean,8,27,4,Machine Ecology,4.2,4.164880952381,3.814814814815
2030,2026-10-08,lab-balanced-arithmetic-mean,Lab-balanced arithmetic mean,8,27,5,The Diaspora,1.2,1.190476190476,1.185185185185
2030,2026-10-08,lab-balanced-arithmetic-mean,Lab-balanced arithmetic mean,8,27,6,The Merger,2.3,2.268452380952,2.111111111111
2030,2026-10-08,lab-balanced-arithmetic-mean,Lab-balanced arithmetic mean,8,27,7,The Preserve,8.3,8.291666666667,7.555555555556
2030,2026-10-08,lab-balanced-arithmetic-mean,Lab-balanced arithmetic mean,8,27,8,Coexistence,13.8,13.808333333333,13.074074074074
2030,2026-10-08,lab-balanced-arithmetic-mean,Lab-balanced arithmetic mean,8,27,9,The Held Leash,60.6,60.615476190476,63.037037037037
2030,2026-10-08,lab-balanced-arithmetic-mean,Lab-balanced arithmetic mean,8,27,10,The Lock-in,4.3,4.297023809524,4.074074074074
2030,2026-10-08,lab-balanced-arithmetic-mean,Lab-balanced arithmetic mean,8,27,11,The Renunciation,1.3,1.261904761905,1.111111111111
2040,2026-10-08,lab-balanced-arithmetic-mean,Lab-balanced arithmetic mean,8,27,1,Terminal Silence,1.7,1.7375,1.703703703704
2040,2026-10-08,lab-balanced-arithmetic-mean,Lab-balanced arithmetic mean,8,27,2,The Inheritance,1.8,1.79880952381,1.703703703704
2040,2026-10-08,lab-balanced-arithmetic-mean,Lab-balanced arithmetic mean,8,27,3,Bootloader,5.6,5.585714285714,5.703703703704
2040,2026-10-08,lab-balanced-arithmetic-mean,Lab-balanced arithmetic mean,8,27,4,Machine Ecology,7.6,7.641666666667,7.222222222222
2040,2026-10-08,lab-balanced-arithmetic-mean,Lab-balanced arithmetic mean,8,27,5,The Diaspora,1.9,1.919642857143,1.925925925926
2040,2026-10-08,lab-balanced-arithmetic-mean,Lab-balanced arithmetic mean,8,27,6,The Merger,5.2,5.205952380952,4.888888888889
2040,2026-10-08,lab-balanced-arithmetic-mean,Lab-balanced arithmetic mean,8,27,7,The Preserve,14.3,14.294047619048,13.62962962963
2040,2026-10-08,lab-balanced-arithmetic-mean,Lab-balanced arithmetic mean,8,27,8,Coexistence,16.0,15.965476190476,15.925925925926
2040,2026-10-08,lab-balanced-arithmetic-mean,Lab-balanced arithmetic mean,8,27,9,The Held Leash,37.3,37.317857142857,38.851851851852
2040,2026-10-08,lab-balanced-arithmetic-mean,Lab-balanced arithmetic mean,8,27,10,The Lock-in,7.1,7.058333333333,7
2040,2026-10-08,lab-balanced-arithmetic-mean,Lab-balanced arithmetic mean,8,27,11,The Renunciation,1.5,1.475,1.444444444444
2050,2026-10-08,lab-balanced-arithmetic-mean,Lab-balanced arithmetic mean,8,27,1,Terminal Silence,2.0,2.041666666667,2
2050,2026-10-08,lab-balanced-arithmetic-mean,Lab-balanced arithmetic mean,8,27,2,The Inheritance,2.3,2.330952380952,2.296296296296
2050,2026-10-08,lab-balanced-arithmetic-mean,Lab-balanced arithmetic mean,8,27,3,Bootloader,7.5,7.48869047619,7.62962962963
2050,2026-10-08,lab-balanced-arithmetic-mean,Lab-balanced arithmetic mean,8,27,4,Machine Ecology,8.8,8.806547619048,8.259259259259
2050,2026-10-08,lab-balanced-arithmetic-mean,Lab-balanced arithmetic mean,8,27,5,The Diaspora,2.1,2.054166666667,2.111111111111
2050,2026-10-08,lab-balanced-arithmetic-mean,Lab-balanced arithmetic mean,8,27,6,The Merger,7.0,7.016071428571,6.62962962963
2050,2026-10-08,lab-balanced-arithmetic-mean,Lab-balanced arithmetic mean,8,27,7,The Preserve,15.7,15.692857142857,15.296296296296
2050,2026-10-08,lab-balanced-arithmetic-mean,Lab-balanced arithmetic mean,8,27,8,Coexistence,14.8,14.830357142857,15.037037037037
2050,2026-10-08,lab-balanced-arithmetic-mean,Lab-balanced arithmetic mean,8,27,9,The Held Leash,30.2,30.17380952381,31.148148148148
2050,2026-10-08,lab-balanced-arithmetic-mean,Lab-balanced arithmetic mean,8,27,10,The Lock-in,7.7,7.670833333333,7.740740740741
2050,2026-10-08,lab-balanced-arithmetic-mean,Lab-balanced arithmetic mean,8,27,11,The Renunciation,1.9,1.894047619048,1.851851851852
2060,2026-10-08,lab-balanced-arithmetic-mean,Lab-balanced arithmetic mean,8,27,1,Terminal Silence,2.8,2.743452380952,2.703703703704
2060,2026-10-08,lab-balanced-arithmetic-mean,Lab-balanced arithmetic mean,8,27,2,The Inheritance,2.9,2.914880952381,2.888888888889
2060,2026-10-08,lab-balanced-arithmetic-mean,Lab-balanced arithmetic mean,8,27,3,Bootloader,8.9,8.880357142857,9.111111111111
2060,2026-10-08,lab-balanced-arithmetic-mean,Lab-balanced arithmetic mean,8,27,4,Machine Ecology,9.4,9.356547619048,8.925925925926
2060,2026-10-08,lab-balanced-arithmetic-mean,Lab-balanced arithmetic mean,8,27,5,The Diaspora,2.4,2.413095238095,2.444444444444
2060,2026-10-08,lab-balanced-arithmetic-mean,Lab-balanced arithmetic mean,8,27,6,The Merger,9.7,9.724404761905,9.148148148148
2060,2026-10-08,lab-balanced-arithmetic-mean,Lab-balanced arithmetic mean,8,27,7,The Preserve,16.6,16.555357142857,16.185185185185
2060,2026-10-08,lab-balanced-arithmetic-mean,Lab-balanced arithmetic mean,8,27,8,Coexistence,12.9,12.927976190476,13.185185185185
2060,2026-10-08,lab-balanced-arithmetic-mean,Lab-balanced arithmetic mean,8,27,9,The Held Leash,25.1,25.134523809524,25.962962962963
2060,2026-10-08,lab-balanced-arithmetic-mean,Lab-balanced arithmetic mean,8,27,10,The Lock-in,7.6,7.635714285714,7.777777777778
2060,2026-10-08,lab-balanced-arithmetic-mean,Lab-balanced arithmetic mean,8,27,11,The Renunciation,1.7,1.71369047619,1.666666666667
2035,2026-10-08,lab-balanced-arithmetic-mean,Lab-balanced arithmetic mean,8,27,1,Terminal Silence,1.4,1.410714285714,1.333333333333
2035,2026-10-08,lab-balanced-arithmetic-mean,Lab-balanced arithmetic mean,8,27,2,The Inheritance,1.4,1.383928571429,1.37037037037
2035,2026-10-08,lab-balanced-arithmetic-mean,Lab-balanced arithmetic mean,8,27,3,Bootloader,4.5,4.481547619048,4.481481481481
2035,2026-10-08,lab-balanced-arithmetic-mean,Lab-balanced arithmetic mean,8,27,4,Machine Ecology,6.6,6.616071428571,6.111111111111
2035,2026-10-08,lab-balanced-arithmetic-mean,Lab-balanced arithmetic mean,8,27,5,The Diaspora,1.7,1.689880952381,1.62962962963
2035,2026-10-08,lab-balanced-arithmetic-mean,Lab-balanced arithmetic mean,8,27,6,The Merger,4.0,3.982738095238,3.666666666667
2035,2026-10-08,lab-balanced-arithmetic-mean,Lab-balanced arithmetic mean,8,27,7,The Preserve,12.3,12.319047619048,11.444444444444
2035,2026-10-08,lab-balanced-arithmetic-mean,Lab-balanced arithmetic mean,8,27,8,Coexistence,15.8,15.869642857143,15.555555555556
2035,2026-10-08,lab-balanced-arithmetic-mean,Lab-balanced arithmetic mean,8,27,9,The Held Leash,44.4,44.377380952381,46.777777777778
2035,2026-10-08,lab-balanced-arithmetic-mean,Lab-balanced arithmetic mean,8,27,10,The Lock-in,6.4,6.379761904762,6.296296296296
2035,2026-10-08,lab-balanced-arithmetic-mean,Lab-balanced arithmetic mean,8,27,11,The Renunciation,1.5,1.489285714286,1.333333333333
2070,2026-10-08,lab-balanced-arithmetic-mean,Lab-balanced arithmetic mean,8,27,1,Terminal Silence,3.2,3.179166666667,3.111111111111
2070,2026-10-08,lab-balanced-arithmetic-mean,Lab-balanced arithmetic mean,8,27,2,The Inheritance,3.4,3.400595238095,3.333333333333
2070,2026-10-08,lab-balanced-arithmetic-mean,Lab-balanced arithmetic mean,8,27,3,Bootloader,10.0,10.01369047619,10.185185185185
2070,2026-10-08,lab-balanced-arithmetic-mean,Lab-balanced arithmetic mean,8,27,4,Machine Ecology,10.2,10.220833333333,9.703703703704
2070,2026-10-08,lab-balanced-arithmetic-mean,Lab-balanced arithmetic mean,8,27,5,The Diaspora,2.6,2.625,2.703703703704
2070,2026-10-08,lab-balanced-arithmetic-mean,Lab-balanced arithmetic mean,8,27,6,The Merger,11.5,11.477380952381,11
2070,2026-10-08,lab-balanced-arithmetic-mean,Lab-balanced arithmetic mean,8,27,7,The Preserve,16.9,16.892261904762,16.62962962963
2070,2026-10-08,lab-balanced-arithmetic-mean,Lab-balanced arithmetic mean,8,27,8,Coexistence,11.8,11.758928571429,12
2070,2026-10-08,lab-balanced-arithmetic-mean,Lab-balanced arithmetic mean,8,27,9,The Held Leash,20.2,20.242261904762,21.037037037037
2070,2026-10-08,lab-balanced-arithmetic-mean,Lab-balanced arithmetic mean,8,27,10,The Lock-in,8.0,8.007142857143,8.148148148148
2070,2026-10-08,lab-balanced-arithmetic-mean,Lab-balanced arithmetic mean,8,27,11,The Renunciation,2.2,2.182738095238,2.148148148148
2080,2026-10-08,lab-balanced-arithmetic-mean,Lab-balanced arithmetic mean,8,27,1,Terminal Silence,3.3,3.341071428571,3.296296296296
2080,2026-10-08,lab-balanced-arithmetic-mean,Lab-balanced arithmetic mean,8,27,2,The Inheritance,3.7,3.70119047619,3.666666666667
2080,2026-10-08,lab-balanced-arithmetic-mean,Lab-balanced arithmetic mean,8,27,3,Bootloader,10.8,10.769047619048,11
2080,2026-10-08,lab-balanced-arithmetic-mean,Lab-balanced arithmetic mean,8,27,4,Machine Ecology,10.0,9.976785714286,9.518518518519
2080,2026-10-08,lab-balanced-arithmetic-mean,Lab-balanced arithmetic mean,8,27,5,The Diaspora,2.9,2.935714285714,3
2080,2026-10-08,lab-balanced-arithmetic-mean,Lab-balanced arithmetic mean,8,27,6,The Merger,13.1,13.115476190476,12.555555555556
2080,2026-10-08,lab-balanced-arithmetic-mean,Lab-balanced arithmetic mean,8,27,7,The Preserve,17.1,17.046428571429,16.740740740741
2080,2026-10-08,lab-balanced-arithmetic-mean,Lab-balanced arithmetic mean,8,27,8,Coexistence,11.3,11.296428571429,11.444444444444
2080,2026-10-08,lab-balanced-arithmetic-mean,Lab-balanced arithmetic mean,8,27,9,The Held Leash,17.4,17.365476190476,18.259259259259
2080,2026-10-08,lab-balanced-arithmetic-mean,Lab-balanced arithmetic mean,8,27,10,The Lock-in,8.2,8.208333333333,8.37037037037
2080,2026-10-08,lab-balanced-arithmetic-mean,Lab-balanced arithmetic mean,8,27,11,The Renunciation,2.2,2.244047619048,2.148148148148
2090,2026-10-08,lab-balanced-arithmetic-mean,Lab-balanced arithmetic mean,8,27,1,Terminal Silence,3.5,3.477380952381,3.407407407407
2090,2026-10-08,lab-balanced-arithmetic-mean,Lab-balanced arithmetic mean,8,27,2,The Inheritance,3.9,3.914880952381,3.888888888889
2090,2026-10-08,lab-balanced-arithmetic-mean,Lab-balanced arithmetic mean,8,27,3,Bootloader,11.2,11.201785714286,11.407407407407
2090,2026-10-08,lab-balanced-arithmetic-mean,Lab-balanced arithmetic mean,8,27,4,Machine Ecology,10.2,10.236904761905,9.814814814815
2090,2026-10-08,lab-balanced-arithmetic-mean,Lab-balanced arithmetic mean,8,27,5,The Diaspora,3.3,3.296428571429,3.37037037037
2090,2026-10-08,lab-balanced-arithmetic-mean,Lab-balanced arithmetic mean,8,27,6,The Merger,13.8,13.833333333333,13.296296296296
2090,2026-10-08,lab-balanced-arithmetic-mean,Lab-balanced arithmetic mean,8,27,7,The Preserve,17.1,17.094047619048,16.888888888889
2090,2026-10-08,lab-balanced-arithmetic-mean,Lab-balanced arithmetic mean,8,27,8,Coexistence,10.9,10.905952380952,11
2090,2026-10-08,lab-balanced-arithmetic-mean,Lab-balanced arithmetic mean,8,27,9,The Held Leash,15.7,15.6375,16.37037037037
2090,2026-10-08,lab-balanced-arithmetic-mean,Lab-balanced arithmetic mean,8,27,10,The Lock-in,8.2,8.219047619048,8.407407407407
2090,2026-10-08,lab-balanced-arithmetic-mean,Lab-balanced arithmetic mean,8,27,11,The Renunciation,2.2,2.182738095238,2.148148148148
2100,2026-10-08,lab-balanced-arithmetic-mean,Lab-balanced arithmetic mean,8,27,1,Terminal Silence,3.3,3.31369047619,3.296296296296
2100,2026-10-08,lab-balanced-arithmetic-mean,Lab-balanced arithmetic mean,8,27,2,The Inheritance,4.0,3.9625,3.851851851852
2100,2026-10-08,lab-balanced-arithmetic-mean,Lab-balanced arithmetic mean,8,27,3,Bootloader,11.1,11.054761904762,11.37037037037
2100,2026-10-08,lab-balanced-arithmetic-mean,Lab-balanced arithmetic mean,8,27,4,Machine Ecology,10.2,10.191666666667,9.740740740741
2100,2026-10-08,lab-balanced-arithmetic-mean,Lab-balanced arithmetic mean,8,27,5,The Diaspora,3.1,3.142261904762,3.222222222222
2100,2026-10-08,lab-balanced-arithmetic-mean,Lab-balanced arithmetic mean,8,27,6,The Merger,14.2,14.23869047619,13.666666666667
2100,2026-10-08,lab-balanced-arithmetic-mean,Lab-balanced arithmetic mean,8,27,7,The Preserve,16.5,16.483333333333,16.333333333333
2100,2026-10-08,lab-balanced-arithmetic-mean,Lab-balanced arithmetic mean,8,27,8,Coexistence,10.8,10.782142857143,10.888888888889
2100,2026-10-08,lab-balanced-arithmetic-mean,Lab-balanced arithmetic mean,8,27,9,The Held Leash,16.1,16.129761904762,16.777777777778
2100,2026-10-08,lab-balanced-arithmetic-mean,Lab-balanced arithmetic mean,8,27,10,The Lock-in,8.4,8.43630952381,8.703703703704
2100,2026-10-08,lab-balanced-arithmetic-mean,Lab-balanced arithmetic mean,8,27,11,The Renunciation,2.3,2.264880952381,2.148148148148
2200,2026-10-08,lab-balanced-arithmetic-mean,Lab-balanced arithmetic mean,8,27,1,Terminal Silence,4.2,4.204166666667,4.111111111111
2200,2026-10-08,lab-balanced-arithmetic-mean,Lab-balanced arithmetic mean,8,27,2,The Inheritance,5.2,5.149404761905,5.111111111111
2200,2026-10-08,lab-balanced-arithmetic-mean,Lab-balanced arithmetic mean,8,27,3,Bootloader,13.0,13.043452380952,13.296296296296
2200,2026-10-08,lab-balanced-arithmetic-mean,Lab-balanced arithmetic mean,8,27,4,Machine Ecology,10.5,10.470238095238,10.037037037037
2200,2026-10-08,lab-balanced-arithmetic-mean,Lab-balanced arithmetic mean,8,27,5,The Diaspora,6.3,6.288095238095,6.148148148148
2200,2026-10-08,lab-balanced-arithmetic-mean,Lab-balanced arithmetic mean,8,27,6,The Merger,17.9,17.916666666667,17.703703703704
2200,2026-10-08,lab-balanced-arithmetic-mean,Lab-balanced arithmetic mean,8,27,7,The Preserve,14.9,14.880952380952,14.851851851852
2200,2026-10-08,lab-balanced-arithmetic-mean,Lab-balanced arithmetic mean,8,27,8,Coexistence,8.4,8.408333333333,8.444444444444
2200,2026-10-08,lab-balanced-arithmetic-mean,Lab-balanced arithmetic mean,8,27,9,The Held Leash,9.1,9.129761904762,9.481481481481
2200,2026-10-08,lab-balanced-arithmetic-mean,Lab-balanced arithmetic mean,8,27,10,The Lock-in,8.3,8.28869047619,8.592592592593
2200,2026-10-08,lab-balanced-arithmetic-mean,Lab-balanced arithmetic mean,8,27,11,The Renunciation,2.2,2.220238095238,2.222222222222
